,income,English,jobSatisfaction,stress
income,1.0,0.5437047524330986,-0.10068308329695069,-0.17058386680576357
English,0.5437047524330986,1.0,-0.3097465764140398,0.06822260513020902
jobSatisfaction,-0.10068308329695069,-0.3097465764140398,1.0,0.15498157048794386
stress,-0.17058386680576357,0.06822260513020902,0.15498157048794386,1.0
