,income,English,jobSatisfaction,stress
income,1.0,0.5994515069914599,-0.04010827068479767,-0.13791959796123446
English,0.5994515069914599,1.0,-0.3120514087583653,0.07335121996967009
jobSatisfaction,-0.04010827068479767,-0.3120514087583653,1.0,0.16533815745660527
stress,-0.13791959796123446,0.07335121996967009,0.16533815745660527,1.0
